||
buttermilk
beef shank
washed and cubed
party
gumdrop
crab
fajita seasoning to taste
icing
biscuit
drained and mashed
corn
nut
bitters
mustard
vegetable oil
golden syrup
pimento
gelatin
barley
citrus
yogurt
pastry
almond
worcestershire sauce
currant
wheat germ
fish
vegetarian
split and toasted
fruit
dressing
rice
date
coffee
candy
drinks
soy sauce
capers
casings removed
lard
campari
oatmeal
ladyfingers
lobster
mushroom
wine
green bean
bulgur
fat free
goose
paprika
radish
cilantro
vinaigrette
whipping cream
fontina
pistachio
egg
rinsed
skewer
pork rib
lima bean
tea
tilapia
gin
protein
milk
apple juice
halved
passion fruit
pineapple
crackers
clam
bell pepper
mayonnaise
chicken
pumpkin
adobo seasoning to taste
tortillas
grand marnier
couscous
puff
chicken broth
peeled and segmented
whole wheat
white sugar
parsnip
asparagus
cola
bourbon
cheese
kosher
artichoke
rutabaga
triple sec
bacon
cherry
tahini
guava
shrimp
tuna
bottom layer
margarine
applesauce
beef tenderloin
for the icing
glaze
peeled and shredded
leftovers
avocado
spring
lasagna
honeydew
hazelnut
orange
mace
cottage cheese
lime
lean
beef
marinate
bean
marshmallow
wild rice
salad
prosciutto
for the swiss meringue
yeast
turkey
oyster
chile pepper
caramel
banana
pork chop
peanut oil
pasta
sugar
turnip
calories
cranberry
apricot
fruit juice
eggplant
berry
amaretto
mint
side
oat
zucchini
nutmeg
soda
poppy
halibut
drained
swiss cheese
salt
seed
oregano
brisket
chickpea
mashed
brussel sprout
pretzel
tofu
blueberry
duck
cucumber
granola
peanut butter
kirsch
julienned
rating
strawberry
drained and finely chopped
rinsed and dried
vanilla
ingredients
creole seasoning to taste
bay leaf
margarita
cauliflower
to layer in jar
rice vinegar
yellow squash
papaya
cornstarch
corn syrup
dill
broccoli
bake
green onion
arugula
green pepper
lentil
tomato
breadcrumbs
lavender flower
vinegar
wasabi
endive
baking powder
italian seasoning
sage
pickles
lime juice
coriander
anise
dairy
chili
radicchio
cajun seasoning
brownie
powdered gold leaf
cookie
cocktail
brine
lemon juice
red wine
garlic
sauerkraut
frozen dessert
tamarind
low fat
mango
meat
cranberry sauce
muffin
coconut
sesame oil
cobbler topping
calvados
honey
swordfish
chestnut
gluten
crescent roll
pico de gallo
soy
ginger
grapefruit
ghee
roast
beer
for topping
rum
raw
streusel
lecithin
meatball
walnut
old bay seasoning tm to taste
lamb
potato
jerusalem artichoke
peeled and cubed
batter
warmed
marjoram
saffron
shortening
steak
tarragon
spinach
cod
quinoa
rosemary
tomatillo
seasoned croutons
pepper
basil
sugar snap pea
port
bok choy
olive
onion
fig
trout
noodle
brandy
lamb shank
wheat
pork
pear
plantain
marsala
beet
zest
vegetable
corn oil
tropical fruit
horseradish
topping thawed
cacao
thawed
london
beef rib
canola oil
spaghetti
whipped topping mix
cornmeal
crust
chopped
tart
pancake
prune
blackberry
cabbage
lamb chop
gummi
poultry
drained and chopped
macaroni
rhubarb
fennel
scallop
cantaloupe
leek
seafood
sausage
soaked
ganache
salsa
marinade
cheddar
herb
macaroni and cheese
water
boil
pine nut
gravy
cream
lychee
cake
shallot
peach
escarole
syrup
macadamia nut
mixed with
bass
citron
goat cheese
tomato sauce
ricotta
blue cheese
sherry
hamburger
mussel
without shells
dry mix ingredients
orange juice
to taste
low sodium
custard
ground beef
bran
cleaned
other soup ingredients
chard
whiskey
divided
pomegranate juice
pomegranate
squash
celery
lettuce
mexico
sake
butter
ice cream
kumquat
raisin
semolina
carrot
chile
white wine
butternut squash
filling
kale
pecan
cocoa powder
steak sauce
baking mix
creole-style seasoning to taste
topping
fat
pea
dried fruit
grape
rinsed and torn
lunch
cumin
duck sauce
bread
sourdough
kosher for passover
cocktail sauce
parmesan
cereal
top layer
tangerine
grains
baking soda
red pepper
sesame
ketchup
tapioca
black pepper
and dried
watercress
chill
mozzarella
cookies
fry
kiwi
cubed
anchovy
okra
sauce
cashew
thyme
artificial sweetener
champagne
fry sauce
split
dessert
salami
pizza
taco
veal
poblano
broccoli rabe
rack of lamb
peanut
liqueur
pie
apple
sandwich
spice
venison
brown sugar
molasses
vermouth
japan
sodium
frosting
dough
peeled and julienned
food coloring
cinnamon
ice
ground
squid
crepes
breakfast
cocoa
pork tenderloin
cooking spray
dip
nectarine
ground lamb
stock
alcoholic
sour cream
monterey jack
chocolate
snapper
salmon
center
cardamom
clove
steam
brown rice
rabbit
sangria
lemon
maple syrup
parsley
collard greens
cream cheese
haddock
england
barbecue sauce
pudding
watermelon
flour
hot pepper
vodka
salad dressing
for the streusel
chive
persimmon
caraway
stemmed and rinsed
barbeque seasoning
plum
raspberry
curry
ham
tequila
gum drop
